{
  "user": {
    "userId": 1030647,
    "userName": "hujun",
    "peopleClass": "1",
    "peopleClassStr": "医院职工",
    "peopleIdentifier": "4396",
    "peopleName": "胡俊",
    "workDept": "10020105",
    "workDeptName": "肾病内科门诊（临港）",
    "workPost": "2",
    "workPostStr": "医师",
    "clinicalPosition": "1",
    "clinicalPositionStr": "管理",
    "workProfessional": "305",
    "workProfessionalStr": "主任医师",
    "mobile": "13764247585",
    "officePhone": null,
    "email": null,
    "status": "A",
    "statusStr": "激活",
    "expires": "2030-12-01",
    "deleteTime": null,
    "creator": "ROOT",
    "createTime": "2023-07-17 14:57:27",
    "modifier": "hujun",
    "modifyTime": "2023-11-16 10:31:18",
    "pyCode": "HJ",
    "wbCode": "DW",
    "duty": "231",
    "dutyStr": "主任医师",
    "idNo": "331181200601288271",
    "superLeader": null,
    "superLeaderStr": null,
    "employed": "1",
    "employedStr": "在职",
    "lockStatus": null,
    "sexCode": "1",
    "sexCodeStr": "男",
    "birthDate": "2022-11-01",
    "drugInsuranceCode": null,
    "drugInsuranceName": null,
    "medInstId": 1,
    "adminFlag": "0",
    "practiceEliglbility": null,
    "practiceEliglbilityStr": null,
    "eliglbilityCcieCode": null,
    "practiceCcieCode": null,
    "practiceSort": null,
    "practiceSortStr": null,
    "practiceScope": null,
    "practiceScopeStr": null,
    "isRegularTraining": "0",
    "isRegularTrainingStr": "否",
    "assignedPatientsCount": null,
    "physicalAreaCode": null,
    "physicalAreaName": null,
    "isTempCloseCa": null,
    "isIntern": "0",
    "isInternStr": "否",
    "administrationPosition": "8",
    "administrationPositionStr": "党委书记",
    "rotateDept": "1004",
    "rotateDeptStr": "中医科"
  },
  "cookie": "539747de197f4f2689c73b0b97a57937",
  "portalToken": "c5df4306fee24c6fba4354aa30113a08",
  "portalSysId": 5557,
  "system": [
    {
      "sysId": 708,
      "sysUri": "BUP",
      "sysName": "基础用户权限",
      "sysDesc": "统一用户管理",
      "sysIcon": "group1/M00/00/0F/CmwBnmOAD3-ALo2aAACEMrXVT8U575.png",
      "sysIconFullPath": null,
      "sysArch": "bc",
      "entryProgram": null,
      "entryDir": null,
      "entryParam": null,
      "isMultiOpen": null,
      "openMode": "0",
      "pyCode": "JCYHQX",
      "sortNo": 0,
      "menuLayout": "0",
      "inventVersion": "1.0.0",
      "entryType": null,
      "entryAbsolutePath": null,
      "defaultOpenMenuAdd": null,
      "defaultOpenMenuUrl": "/bup-ui/userMng",
      "defaultOpenMenuCode": null,
      "defaultOpenMenuName": null,
      "defaultOpenMenuParentCode": null,
      "defaultOpenMenuParentName": null,
      "isThirdParty": "0",
      "roles": null,
      "authorities": null,
      "contact": null,
      "contactPhone": null,
      "orgClicDetailType": "0",
      "defaultFunctionCode": null
    },
    {
      "sysId": 1863,
      "sysUri": "UMC",
      "sysName": "统一消息中心",
      "sysDesc": "统一消息中心",
      "sysIcon": "group1/M00/00/0F/CmwBnWOAD5SAW6K1AABE6LBPDrc895.png",
      "sysIconFullPath": null,
      "sysArch": null,
      "entryProgram": null,
      "entryDir": null,
      "entryParam": null,
      "isMultiOpen": null,
      "openMode": "0",
      "pyCode": "TYXXZX",
      "sortNo": 20,
      "menuLayout": "0",
      "inventVersion": "2.7.13",
      "entryType": null,
      "entryAbsolutePath": null,
      "defaultOpenMenuAdd": "统一消息中心",
      "defaultOpenMenuUrl": "/xumc/dbLink",
      "defaultOpenMenuCode": null,
      "defaultOpenMenuName": null,
      "defaultOpenMenuParentCode": null,
      "defaultOpenMenuParentName": null,
      "isThirdParty": "0",
      "roles": null,
      "authorities": null,
      "contact": null,
      "contactPhone": null,
      "orgClicDetailType": "0",
      "defaultFunctionCode": null
    },
    {
      "sysId": 709,
      "sysUri": "BCS",
      "sysName": "基础配置管理",
      "sysDesc": "基础配置管理",
      "sysIcon": "group1/M00/00/0F/CmwBnmOAD56AIpquAABYh9Huoqw095.png",
      "sysIconFullPath": null,
      "sysArch": "bc",
      "entryProgram": null,
      "entryDir": null,
      "entryParam": null,
      "isMultiOpen": null,
      "openMode": "0",
      "pyCode": "JCPZGL",
      "sortNo": 30,
      "menuLayout": "0",
      "inventVersion": "2.35.23",
      "entryType": null,
      "entryAbsolutePath": null,
      "defaultOpenMenuAdd": "bcs",
      "defaultOpenMenuUrl": "/bcs-ui/institutionMng",
      "defaultOpenMenuCode": null,
      "defaultOpenMenuName": null,
      "defaultOpenMenuParentCode": null,
      "defaultOpenMenuParentName": null,
      "isThirdParty": "0",
      "roles": null,
      "authorities": null,
      "contact": null,
      "contactPhone": null,
      "orgClicDetailType": "0",
      "defaultFunctionCode": null
    },
    {
      "sysId": 1921,
      "sysUri": "INPD",
      "sysName": "住院医生",
      "sysDesc": "住院医生站",
      "sysIcon": "group1/M00/00/0F/CmwBnWOAECGASWC7AABpeOzHmu0741.png",
      "sysIconFullPath": null,
      "sysArch": null,
      "entryProgram": null,
      "entryDir": null,
      "entryParam": null,
      "isMultiOpen": null,
      "openMode": "0",
      "pyCode": "ZYYS",
      "sortNo": 40,
      "menuLayout": "0",
      "inventVersion": "3.8.46",
      "entryType": null,
      "entryAbsolutePath": null,
      "defaultOpenMenuAdd": "住院患者管理",
      "defaultOpenMenuUrl": "/inpd-ui/patient?_funCode=ZYHZGL",
      "defaultOpenMenuCode": null,
      "defaultOpenMenuName": null,
      "defaultOpenMenuParentCode": null,
      "defaultOpenMenuParentName": null,
      "isThirdParty": "0",
      "roles": null,
      "authorities": null,
      "contact": null,
      "contactPhone": null,
      "orgClicDetailType": "1,2,7",
      "defaultFunctionCode": null
    },
    {
      "sysId": 2021,
      "sysUri": "INPI",
      "sysName": "住院护士",
      "sysDesc": "住院护士站",
      "sysIcon": "group1/M00/00/0F/CmwBnWOAD4qAWm_oAABKnduEJKM116.png",
      "sysIconFullPath": null,
      "sysArch": "b/s",
      "entryProgram": null,
      "entryDir": null,
      "entryParam": null,
      "isMultiOpen": null,
      "openMode": "0",
      "pyCode": "ZYHS",
      "sortNo": 50,
      "menuLayout": "0",
      "inventVersion": "3.5.2",
      "entryType": null,
      "entryAbsolutePath": null,
      "defaultOpenMenuAdd": "inpi",
      "defaultOpenMenuUrl": "/inpi-ui/patient",
      "defaultOpenMenuCode": null,
      "defaultOpenMenuName": null,
      "defaultOpenMenuParentCode": null,
      "defaultOpenMenuParentName": null,
      "isThirdParty": "0",
      "roles": null,
      "authorities": null,
      "contact": null,
      "contactPhone": null,
      "orgClicDetailType": "2,7,16",
      "defaultFunctionCode": null
    },
    {
      "sysId": 710,
      "sysUri": "OPD",
      "sysName": "门诊医生",
      "sysDesc": "门诊医生站",
      "sysIcon": "group1/M00/00/0F/CmwBnmOAD6aAeUFnAACIUengASg624.png",
      "sysIconFullPath": null,
      "sysArch": "bc",
      "entryProgram": null,
      "entryDir": null,
      "entryParam": null,
      "isMultiOpen": null,
      "openMode": "0",
      "pyCode": "MZYS",
      "sortNo": 60,
      "menuLayout": "0",
      "inventVersion": "3.26.31",
      "entryType": null,
      "entryAbsolutePath": null,
      "defaultOpenMenuAdd": "opd",
      "defaultOpenMenuUrl": "/opd-ui/clinicDiagnosis",
      "defaultOpenMenuCode": null,
      "defaultOpenMenuName": null,
      "defaultOpenMenuParentCode": null,
      "defaultOpenMenuParentName": null,
      "isThirdParty": "0",
      "roles": null,
      "authorities": null,
      "contact": null,
      "contactPhone": null,
      "orgClicDetailType": "3,1,8",
      "defaultFunctionCode": null
    },
    {
      "sysId": 1314,
      "sysUri": "OPN",
      "sysName": "门诊辅诊",
      "sysDesc": "门诊辅诊站  /opd-ui/clinicDiagnosis",
      "sysIcon": "group1/M00/00/0F/CmwBnWOAEAmAclAqAABeVj65clw369.png",
      "sysIconFullPath": null,
      "sysArch": "B\\S",
      "entryProgram": null,
      "entryDir": null,
      "entryParam": null,
      "isMultiOpen": null,
      "openMode": "0",
      "pyCode": "MZFZ",
      "sortNo": 70,
      "menuLayout": "0",
      "inventVersion": "3.14.0",
      "entryType": null,
      "entryAbsolutePath": null,
      "defaultOpenMenuAdd": "opn",
      "defaultOpenMenuUrl": "/opn-ui/treatmentExecute",
      "defaultOpenMenuCode": null,
      "defaultOpenMenuName": null,
      "defaultOpenMenuParentCode": null,
      "defaultOpenMenuParentName": null,
      "isThirdParty": "0",
      "roles": null,
      "authorities": null,
      "contact": null,
      "contactPhone": null,
      "orgClicDetailType": "3,1,8,15",
      "defaultFunctionCode": null
    },
    {
      "sysId": 1112,
      "sysUri": "OPB",
      "sysName": "门诊收费",
      "sysDesc": "门诊收费工作站",
      "sysIcon": "group1/M00/00/0F/CmwBnmOAD_-AKQaWAABAYdgqPAA179.png",
      "sysIconFullPath": null,
      "sysArch": "b/s",
      "entryProgram": null,
      "entryDir": null,
      "entryParam": null,
      "isMultiOpen": null,
      "openMode": "0",
      "pyCode": "MZSF",
      "sortNo": 80,
      "menuLayout": "0",
      "inventVersion": "3.34.10",
      "entryType": null,
      "entryAbsolutePath": null,
      "defaultOpenMenuAdd": null,
      "defaultOpenMenuUrl": "/opdm-ui/documentMng",
      "defaultOpenMenuCode": null,
      "defaultOpenMenuName": null,
      "defaultOpenMenuParentCode": null,
      "defaultOpenMenuParentName": null,
      "isThirdParty": "0",
      "roles": null,
      "authorities": null,
      "contact": null,
      "contactPhone": null,
      "orgClicDetailType": "17",
      "defaultFunctionCode": null
    },
    {
      "sysId": 2022,
      "sysUri": "IADM",
      "sysName": "住院登记",
      "sysDesc": "入院登记工作站",
      "sysIcon": "group1/M00/00/0F/CmwBnWOAEDGAN09vAAAtcduYkEY775.png",
      "sysIconFullPath": null,
      "sysArch": null,
      "entryProgram": null,
      "entryDir": null,
      "entryParam": null,
      "isMultiOpen": null,
      "openMode": "0",
      "pyCode": "ZYDJ",
      "sortNo": 90,
      "menuLayout": "0",
      "inventVersion": "2.19.25",
      "entryType": null,
      "entryAbsolutePath": null,
      "defaultOpenMenuAdd": "iadm",
      "defaultOpenMenuUrl": "/iadm-ui/hospitalRegistration",
      "defaultOpenMenuCode": null,
      "defaultOpenMenuName": null,
      "defaultOpenMenuParentCode": null,
      "defaultOpenMenuParentName": null,
      "isThirdParty": "0",
      "roles": null,
      "authorities": null,
      "contact": null,
      "contactPhone": null,
      "orgClicDetailType": "17",
      "defaultFunctionCode": null
    },
    {
      "sysId": 5577,
      "sysUri": "COID",
      "sysName": "住院收费",
      "sysDesc": null,
      "sysIcon": "group1/M00/00/0F/CmwBnWOAEP2AIeLVAABUTQwHnaQ265.png",
      "sysIconFullPath": null,
      "sysArch": null,
      "entryProgram": null,
      "entryDir": null,
      "entryParam": null,
      "isMultiOpen": null,
      "openMode": "0",
      "pyCode": "ZYSF",
      "sortNo": 100,
      "menuLayout": "0",
      "inventVersion": "3.19.26",
      "entryType": null,
      "entryAbsolutePath": null,
      "defaultOpenMenuAdd": null,
      "defaultOpenMenuUrl": "/iadm-ui/admissionRegistration",
      "defaultOpenMenuCode": null,
      "defaultOpenMenuName": null,
      "defaultOpenMenuParentCode": null,
      "defaultOpenMenuParentName": null,
      "isThirdParty": "0",
      "roles": null,
      "authorities": null,
      "contact": null,
      "contactPhone": null,
      "orgClicDetailType": "17",
      "defaultFunctionCode": null
    },
    {
      "sysId": 910,
      "sysUri": "DST",
      "sysName": "药库系统",
      "sysDesc": "药库工作站",
      "sysIcon": "group1/M00/00/0F/CmwBnmOAEBOAcUemAAByCoiLHGg225.png",
      "sysIconFullPath": null,
      "sysArch": "sss",
      "entryProgram": null,
      "entryDir": null,
      "entryParam": null,
      "isMultiOpen": null,
      "openMode": "0",
      "pyCode": "YKXT",
      "sortNo": 110,
      "menuLayout": "0",
      "inventVersion": "2.19.49",
      "entryType": null,
      "entryAbsolutePath": null,
      "defaultOpenMenuAdd": "dst",
      "defaultOpenMenuUrl": "/dst-ui/drugInfoMng",
      "defaultOpenMenuCode": null,
      "defaultOpenMenuName": null,
      "defaultOpenMenuParentCode": null,
      "defaultOpenMenuParentName": null,
      "isThirdParty": "0",
      "roles": null,
      "authorities": null,
      "contact": null,
      "contactPhone": null,
      "orgClicDetailType": "51",
      "defaultFunctionCode": null
    },
    {
      "sysId": 1416,
      "sysUri": "PHM",
      "sysName": "药房系统",
      "sysDesc": "药房工作站",
      "sysIcon": "group1/M00/00/0F/CmwBnWOAD_WAAi8SAABcxvJZELM943.png",
      "sysIconFullPath": null,
      "sysArch": "sss",
      "entryProgram": null,
      "entryDir": null,
      "entryParam": null,
      "isMultiOpen": null,
      "openMode": "0",
      "pyCode": "YFXT",
      "sortNo": 120,
      "menuLayout": "0",
      "inventVersion": "2.31.33",
      "entryType": null,
      "entryAbsolutePath": null,
      "defaultOpenMenuAdd": "phm",
      "defaultOpenMenuUrl": "/phm-ui/trialParty?_funCode=FYCD",
      "defaultOpenMenuCode": null,
      "defaultOpenMenuName": null,
      "defaultOpenMenuParentCode": null,
      "defaultOpenMenuParentName": null,
      "isThirdParty": "0",
      "roles": null,
      "authorities": null,
      "contact": null,
      "contactPhone": null,
      "orgClicDetailType": "5,52",
      "defaultFunctionCode": null
    },
    {
      "sysId": 1011,
      "sysUri": "OPDM",
      "sysName": "门诊部管理",
      "sysDesc": "门诊办公室",
      "sysIcon": "group1/M00/00/0F/CmwBnmOAEkGAbRltAABB0kbOMoo126.png",
      "sysIconFullPath": null,
      "sysArch": "sss",
      "entryProgram": null,
      "entryDir": null,
      "entryParam": null,
      "isMultiOpen": null,
      "openMode": "0",
      "pyCode": "MZBGL",
      "sortNo": 130,
      "menuLayout": "0",
      "inventVersion": "3.6.7",
      "entryType": null,
      "entryAbsolutePath": null,
      "defaultOpenMenuAdd": "bcs",
      "defaultOpenMenuUrl": null,
      "defaultOpenMenuCode": null,
      "defaultOpenMenuName": null,
      "defaultOpenMenuParentCode": null,
      "defaultOpenMenuParentName": null,
      "isThirdParty": "0",
      "roles": null,
      "authorities": null,
      "contact": null,
      "contactPhone": null,
      "orgClicDetailType": "17",
      "defaultFunctionCode": null
    },
    {
      "sysId": 1618,
      "sysUri": "MTS",
      "sysName": "医技系统",
      "sysDesc": "医技工作站",
      "sysIcon": "group1/M00/00/0F/CmwBnWOAEFKADOVtAABHb06-qBo910.png",
      "sysIconFullPath": null,
      "sysArch": "B\\S",
      "entryProgram": null,
      "entryDir": null,
      "entryParam": null,
      "isMultiOpen": null,
      "openMode": "0",
      "pyCode": "YJXT",
      "sortNo": 140,
      "menuLayout": "0",
      "inventVersion": "3.39.13",
      "entryType": null,
      "entryAbsolutePath": null,
      "defaultOpenMenuAdd": "bss",
      "defaultOpenMenuUrl": "/opb-ui/outpatientRefundApply",
      "defaultOpenMenuCode": null,
      "defaultOpenMenuName": null,
      "defaultOpenMenuParentCode": null,
      "defaultOpenMenuParentName": null,
      "isThirdParty": "0",
      "roles": null,
      "authorities": null,
      "contact": null,
      "contactPhone": null,
      "orgClicDetailType": "4,6,11",
      "defaultFunctionCode": null
    },
    {
      "sysId": 7072,
      "sysUri": "MIS",
      "sysName": "医保管理",
      "sysDesc": "医保工作站",
      "sysIcon": "group1/M00/00/0F/CmwBnWOAEZKALDwOAABYKRpd6ZA889.png",
      "sysIconFullPath": null,
      "sysArch": null,
      "entryProgram": null,
      "entryDir": null,
      "entryParam": null,
      "isMultiOpen": null,
      "openMode": "0",
      "pyCode": "YBGL",
      "sortNo": 150,
      "menuLayout": "0",
      "inventVersion": "2.20.13",
      "entryType": null,
      "entryAbsolutePath": null,
      "defaultOpenMenuAdd": null,
      "defaultOpenMenuUrl": null,
      "defaultOpenMenuCode": null,
      "defaultOpenMenuName": null,
      "defaultOpenMenuParentCode": null,
      "defaultOpenMenuParentName": null,
      "isThirdParty": "0",
      "roles": null,
      "authorities": null,
      "contact": null,
      "contactPhone": null,
      "orgClicDetailType": "17",
      "defaultFunctionCode": null
    },
    {
      "sysId": 5070,
      "sysUri": "MDS",
      "sysName": "医务管理",
      "sysDesc": "医务管理",
      "sysIcon": "group1/M00/00/0F/CmwBnmOAEX2AMyYkAABYKRpd6ZA610.png",
      "sysIconFullPath": null,
      "sysArch": null,
      "entryProgram": null,
      "entryDir": null,
      "entryParam": null,
      "isMultiOpen": null,
      "openMode": "0",
      "pyCode": "YWGL",
      "sortNo": 160,
      "menuLayout": "0",
      "inventVersion": "2.31.35",
      "entryType": null,
      "entryAbsolutePath": null,
      "defaultOpenMenuAdd": null,
      "defaultOpenMenuUrl": null,
      "defaultOpenMenuCode": null,
      "defaultOpenMenuName": null,
      "defaultOpenMenuParentCode": null,
      "defaultOpenMenuParentName": null,
      "isThirdParty": "0",
      "roles": null,
      "authorities": null,
      "contact": null,
      "contactPhone": null,
      "orgClicDetailType": "17",
      "defaultFunctionCode": null
    },
    {
      "sysId": 10696,
      "sysUri": "RPT",
      "sysName": "报表系统",
      "sysDesc": null,
      "sysIcon": "group1/M00/00/0F/CmwBnmOAEESAZ7moAABA8uS7V-A888.png",
      "sysIconFullPath": null,
      "sysArch": null,
      "entryProgram": null,
      "entryDir": null,
      "entryParam": null,
      "isMultiOpen": null,
      "openMode": "0",
      "pyCode": "BBXT",
      "sortNo": 300,
      "menuLayout": "0",
      "inventVersion": "1.0.0",
      "entryType": null,
      "entryAbsolutePath": null,
      "defaultOpenMenuAdd": null,
      "defaultOpenMenuUrl": null,
      "defaultOpenMenuCode": null,
      "defaultOpenMenuName": null,
      "defaultOpenMenuParentCode": null,
      "defaultOpenMenuParentName": null,
      "isThirdParty": "0",
      "roles": null,
      "authorities": null,
      "contact": null,
      "contactPhone": null,
      "orgClicDetailType": "0",
      "defaultFunctionCode": null
    },
    {
      "sysId": 136441,
      "sysUri": "BI",
      "sysName": "指标系统",
      "sysDesc": "指标系统",
      "sysIcon": "group1/M00/0A/AB/CmwBnmSj6CuAPzbkAABLEA1Takk908.png",
      "sysIconFullPath": null,
      "sysArch": null,
      "entryProgram": null,
      "entryDir": null,
      "entryParam": null,
      "isMultiOpen": null,
      "openMode": "0",
      "pyCode": "ZBXT",
      "sortNo": null,
      "menuLayout": "0",
      "inventVersion": "1.0.0",
      "entryType": null,
      "entryAbsolutePath": null,
      "defaultOpenMenuAdd": null,
      "defaultOpenMenuUrl": null,
      "defaultOpenMenuCode": null,
      "defaultOpenMenuName": null,
      "defaultOpenMenuParentCode": null,
      "defaultOpenMenuParentName": null,
      "isThirdParty": "0",
      "roles": null,
      "authorities": null,
      "contact": null,
      "contactPhone": null,
      "orgClicDetailType": "0",
      "defaultFunctionCode": null
    },
    {
      "sysId": 35213,
      "sysUri": "NISS",
      "sysName": "护理管理",
      "sysDesc": null,
      "sysIcon": "group1/M00/00/0F/CmwBnmN_fq-AMeN-AAAIOUEYpAA012.jpg",
      "sysIconFullPath": null,
      "sysArch": null,
      "entryProgram": null,
      "entryDir": null,
      "entryParam": null,
      "isMultiOpen": null,
      "openMode": "0",
      "pyCode": "HLGL",
      "sortNo": null,
      "menuLayout": "0",
      "inventVersion": "1.0.0",
      "entryType": null,
      "entryAbsolutePath": null,
      "defaultOpenMenuAdd": null,
      "defaultOpenMenuUrl": "http://10.108.4.45:9902/crNursing/manage/autoLogin/",
      "defaultOpenMenuCode": null,
      "defaultOpenMenuName": null,
      "defaultOpenMenuParentCode": null,
      "defaultOpenMenuParentName": null,
      "isThirdParty": "1",
      "roles": null,
      "authorities": null,
      "contact": null,
      "contactPhone": null,
      "orgClicDetailType": "0",
      "defaultFunctionCode": null
    },
    {
      "sysId": 31201,
      "sysUri": "TPS",
      "sysName": "第三方系统",
      "sysDesc": null,
      "sysIcon": "group1/M00/00/10/CmwBnmOASQiAVfqeAAAa_FCAkOU392.jpg",
      "sysIconFullPath": null,
      "sysArch": null,
      "entryProgram": "print_args.exe",
      "entryDir": "e:\\\\",
      "entryParam": null,
      "isMultiOpen": null,
      "openMode": "2",
      "pyCode": "DSFXT",
      "sortNo": null,
      "menuLayout": "0",
      "inventVersion": "1.0.0",
      "entryType": null,
      "entryAbsolutePath": null,
      "defaultOpenMenuAdd": null,
      "defaultOpenMenuUrl": null,
      "defaultOpenMenuCode": null,
      "defaultOpenMenuName": null,
      "defaultOpenMenuParentCode": null,
      "defaultOpenMenuParentName": null,
      "isThirdParty": "1",
      "roles": null,
      "authorities": null,
      "contact": null,
      "contactPhone": null,
      "orgClicDetailType": "0",
      "defaultFunctionCode": null
    },
    {
      "sysId": 146643,
      "sysUri": "EMPI",
      "sysName": "患者主索引",
      "sysDesc": null,
      "sysIcon": null,
      "sysIconFullPath": null,
      "sysArch": null,
      "entryProgram": null,
      "entryDir": null,
      "entryParam": null,
      "isMultiOpen": null,
      "openMode": "0",
      "pyCode": "HZZSY",
      "sortNo": null,
      "menuLayout": "0",
      "inventVersion": "1.0.0",
      "entryType": null,
      "entryAbsolutePath": null,
      "defaultOpenMenuAdd": null,
      "defaultOpenMenuUrl": null,
      "defaultOpenMenuCode": null,
      "defaultOpenMenuName": null,
      "defaultOpenMenuParentCode": null,
      "defaultOpenMenuParentName": null,
      "isThirdParty": "0",
      "roles": null,
      "authorities": null,
      "contact": null,
      "contactPhone": null,
      "orgClicDetailType": "0",
      "defaultFunctionCode": null
    },
    {
      "sysId": 136542,
      "sysUri": "WOODPECKER",
      "sysName": "住院护士v2",
      "sysDesc": null,
      "sysIcon": "group1/M00/00/4E/rBoA0mTe3FuAAs3RAABXBWiHdJY930.png",
      "sysIconFullPath": null,
      "sysArch": null,
      "entryProgram": null,
      "entryDir": null,
      "entryParam": null,
      "isMultiOpen": null,
      "openMode": "0",
      "pyCode": "ZYHSV2",
      "sortNo": null,
      "menuLayout": "0",
      "inventVersion": "0.0.44",
      "entryType": null,
      "entryAbsolutePath": null,
      "defaultOpenMenuAdd": "zyhzv2",
      "defaultOpenMenuUrl": "/woodpecker-ui/patient",
      "defaultOpenMenuCode": null,
      "defaultOpenMenuName": null,
      "defaultOpenMenuParentCode": null,
      "defaultOpenMenuParentName": null,
      "isThirdParty": "0",
      "roles": null,
      "authorities": null,
      "contact": null,
      "contactPhone": null,
      "orgClicDetailType": "0",
      "defaultFunctionCode": null
    },
    {
      "sysId": 35212,
      "sysUri": "NIS",
      "sysName": "护理信息",
      "sysDesc": null,
      "sysIcon": "group1/M00/00/0F/CmwBnmN_fqiAenm9AAAIOUEYpAA622.jpg",
      "sysIconFullPath": null,
      "sysArch": null,
      "entryProgram": null,
      "entryDir": null,
      "entryParam": null,
      "isMultiOpen": null,
      "openMode": "0",
      "pyCode": "HLXX",
      "sortNo": null,
      "menuLayout": "0",
      "inventVersion": "1.0.0",
      "entryType": null,
      "entryAbsolutePath": null,
      "defaultOpenMenuAdd": null,
      "defaultOpenMenuUrl": "http://10.108.4.45:9901/crNursing/autoLogin/",
      "defaultOpenMenuCode": null,
      "defaultOpenMenuName": null,
      "defaultOpenMenuParentCode": null,
      "defaultOpenMenuParentName": null,
      "isThirdParty": "1",
      "roles": null,
      "authorities": null,
      "contact": null,
      "contactPhone": null,
      "orgClicDetailType": "0",
      "defaultFunctionCode": null
    },
    {
      "sysId": 136343,
      "sysUri": "CDR",
      "sysName": "临床数据中心(CDR)",
      "sysDesc": "临床数据中心(CDR)",
      "sysIcon": "group1/M00/09/D0/CmwBnWSahRiAMV28AABoIedZGUo687.png",
      "sysIconFullPath": null,
      "sysArch": null,
      "entryProgram": null,
      "entryDir": null,
      "entryParam": null,
      "isMultiOpen": null,
      "openMode": "0",
      "pyCode": "LCSJZXCDR",
      "sortNo": null,
      "menuLayout": "0",
      "inventVersion": "1.0.0",
      "entryType": null,
      "entryAbsolutePath": null,
      "defaultOpenMenuAdd": null,
      "defaultOpenMenuUrl": null,
      "defaultOpenMenuCode": null,
      "defaultOpenMenuName": null,
      "defaultOpenMenuParentCode": null,
      "defaultOpenMenuParentName": null,
      "isThirdParty": "0",
      "roles": null,
      "authorities": null,
      "contact": null,
      "contactPhone": null,
      "orgClicDetailType": "17",
      "defaultFunctionCode": null
    }
  ]
}