[
    {
      "systemFunctionId": 813,
      "parentId": 0,
      "systemId": 708,
      "systemUri": null,
      "functionType": "M",
      "functionTypeCh": "有值域型",
      "functionCode": "2001",
      "functionName": "用户管理",
      "functionContentClass": "1",
      "functionContentClassCh": "菜单目录",
      "isGrantMust": "1",
      "isValueSingle": "1",
      "regTime": "2021-11-24 00:53:30",
      "modifyTime": "2021-12-30 11:26:47",
      "isEnable": "1",
      "descn": "用户管理",
      "isReportMenu": "1",
      "sortNo": 111,
      "resourceUrl": "/userMng",
      "resourceClass": "AJAX",
      "resourceIcon32": null,
      "resourceIcon24": null,
      "resourceIcon16": null,
      "pageEnterName": null,
      "pageParam1": null,
      "pageParam2": null,
      "pageParam3": null,
      "pagePlugCode": null,
      "isOfContext": null,
      "isDerive": null,
      "parentFunctionCode": null,
      "children": [
        {
          "systemFunctionId": 3043,
          "parentId": 813,
          "systemId": 708,
          "systemUri": null,
          "functionType": "M",
          "functionTypeCh": "有值域型",
          "functionCode": "1000020212",
          "functionName": "电子签名维护",
          "functionContentClass": "2",
          "functionContentClassCh": "菜单功能",
          "isGrantMust": "1",
          "isValueSingle": null,
          "regTime": "2022-01-27 10:52:43",
          "modifyTime": "2023-11-13 18:09:56",
          "isEnable": "1",
          "descn": null,
          "isReportMenu": "0",
          "sortNo": 0,
          "resourceUrl": "/fwk-ui/signature",
          "resourceClass": "IFRAME",
          "resourceIcon32": null,
          "resourceIcon24": null,
          "resourceIcon16": null,
          "pageEnterName": null,
          "pageParam1": null,
          "pageParam2": null,
          "pageParam3": null,
          "pagePlugCode": null,
          "isOfContext": null,
          "isDerive": null,
          "parentFunctionCode": null,
          "children": [],
          "items": [],
          "funcSubPages": null,
          "bcsCtlRightsDTOS": null,
          "whiteIp": null
        },
        {
          "systemFunctionId": 815,
          "parentId": 813,
          "systemId": 708,
          "systemUri": null,
          "functionType": "M",
          "functionTypeCh": "有值域型",
          "functionCode": "2003",
          "functionName": "工作组管理",
          "functionContentClass": "2",
          "functionContentClassCh": "菜单功能",
          "isGrantMust": "1",
          "isValueSingle": "1",
          "regTime": "2021-11-24 00:55:01",
          "modifyTime": "2022-04-27 11:26:12",
          "isEnable": "1",
          "descn": "工作组管理",
          "isReportMenu": "0",
          "sortNo": null,
          "resourceUrl": "/fwk-ui/work-set-mng",
          "resourceClass": "IFRAME",
          "resourceIcon32": null,
          "resourceIcon24": null,
          "resourceIcon16": null,
          "pageEnterName": null,
          "pageParam1": null,
          "pageParam2": null,
          "pageParam3": null,
          "pagePlugCode": null,
          "isOfContext": null,
          "isDerive": null,
          "parentFunctionCode": null,
          "children": [],
          "items": [],
          "funcSubPages": null,
          "bcsCtlRightsDTOS": null,
          "whiteIp": null
        },
        {
          "systemFunctionId": 814,
          "parentId": 813,
          "systemId": 708,
          "systemUri": null,
          "functionType": "M",
          "functionTypeCh": "有值域型",
          "functionCode": "2002",
          "functionName": "用户管理",
          "functionContentClass": "2",
          "functionContentClassCh": "菜单功能",
          "isGrantMust": "1",
          "isValueSingle": "1",
          "regTime": "2021-11-24 00:54:13",
          "modifyTime": "2022-04-27 11:25:52",
          "isEnable": "1",
          "descn": "用户管理",
          "isReportMenu": "0",
          "sortNo": null,
          "resourceUrl": "/fwk-ui/user",
          "resourceClass": "IFRAME",
          "resourceIcon32": null,
          "resourceIcon24": null,
          "resourceIcon16": null,
          "pageEnterName": null,
          "pageParam1": null,
          "pageParam2": null,
          "pageParam3": null,
          "pagePlugCode": null,
          "isOfContext": null,
          "isDerive": null,
          "parentFunctionCode": null,
          "children": [],
          "items": [],
          "funcSubPages": null,
          "bcsCtlRightsDTOS": null,
          "whiteIp": null
        },
        {
          "systemFunctionId": 191965,
          "parentId": 813,
          "systemId": 708,
          "systemUri": null,
          "functionType": "M",
          "functionTypeCh": "有值域型",
          "functionCode": "test-vue3",
          "functionName": "测试vue3",
          "functionContentClass": "2",
          "functionContentClassCh": "菜单功能",
          "isGrantMust": "1",
          "isValueSingle": null,
          "regTime": "2024-03-15 15:30:48",
          "modifyTime": "2024-03-15 15:31:02",
          "isEnable": "1",
          "descn": null,
          "isReportMenu": "0",
          "sortNo": null,
          "resourceUrl": "/test-ui/",
          "resourceClass": null,
          "resourceIcon32": null,
          "resourceIcon24": null,
          "resourceIcon16": null,
          "pageEnterName": null,
          "pageParam1": null,
          "pageParam2": null,
          "pageParam3": null,
          "pagePlugCode": null,
          "isOfContext": null,
          "isDerive": null,
          "parentFunctionCode": null,
          "children": [],
          "items": [],
          "funcSubPages": null,
          "bcsCtlRightsDTOS": null,
          "whiteIp": null
        }
      ],
      "items": [],
      "funcSubPages": null,
      "bcsCtlRightsDTOS": null,
      "whiteIp": null
    },
    {
      "systemFunctionId": 809,
      "parentId": 0,
      "systemId": 708,
      "systemUri": null,
      "functionType": "M",
      "functionTypeCh": "有值域型",
      "functionCode": "1001",
      "functionName": "系统配置",
      "functionContentClass": "1",
      "functionContentClassCh": "菜单目录",
      "isGrantMust": "1",
      "isValueSingle": "1",
      "regTime": "2021-11-24 00:44:51",
      "modifyTime": "2021-12-30 11:50:20",
      "isEnable": "1",
      "descn": "系统注册",
      "isReportMenu": "1",
      "sortNo": 222,
      "resourceUrl": "/xbup",
      "resourceClass": "AJAX",
      "resourceIcon32": null,
      "resourceIcon24": null,
      "resourceIcon16": null,
      "pageEnterName": null,
      "pageParam1": null,
      "pageParam2": null,
      "pageParam3": null,
      "pagePlugCode": null,
      "isOfContext": null,
      "isDerive": null,
      "parentFunctionCode": null,
      "children": [
        {
          "systemFunctionId": 810,
          "parentId": 809,
          "systemId": 708,
          "systemUri": null,
          "functionType": "M",
          "functionTypeCh": "有值域型",
          "functionCode": "1002",
          "functionName": "系统注册",
          "functionContentClass": "2",
          "functionContentClassCh": "菜单功能",
          "isGrantMust": "1",
          "isValueSingle": "1",
          "regTime": "2021-11-24 00:46:11",
          "modifyTime": "2022-04-08 13:46:05",
          "isEnable": "1",
          "descn": "系统注册",
          "isReportMenu": "1",
          "sortNo": null,
          "resourceUrl": "/bup-ui/sysConfig",
          "resourceClass": "AJAX",
          "resourceIcon32": null,
          "resourceIcon24": null,
          "resourceIcon16": null,
          "pageEnterName": null,
          "pageParam1": null,
          "pageParam2": null,
          "pageParam3": null,
          "pagePlugCode": null,
          "isOfContext": null,
          "isDerive": null,
          "parentFunctionCode": null,
          "children": [],
          "items": [
            {
              "functionItemsId": 1511,
              "tid": 810,
              "value": "2",
              "descn": "3",
              "isDerive": null
            },
            {
              "functionItemsId": 1510,
              "tid": 810,
              "value": "1",
              "descn": "1",
              "isDerive": null
            }
          ],
          "funcSubPages": null,
          "bcsCtlRightsDTOS": null,
          "whiteIp": null
        },
        {
          "systemFunctionId": 811,
          "parentId": 809,
          "systemId": 708,
          "systemUri": null,
          "functionType": "M",
          "functionTypeCh": "有值域型",
          "functionCode": "1003",
          "functionName": "资源配置",
          "functionContentClass": "2",
          "functionContentClassCh": "菜单功能",
          "isGrantMust": "1",
          "isValueSingle": "1",
          "regTime": "2021-11-24 00:47:14",
          "modifyTime": "2022-02-09 14:26:34",
          "isEnable": "1",
          "descn": "资源配置",
          "isReportMenu": "1",
          "sortNo": null,
          "resourceUrl": "/bup-ui/resourceConfig",
          "resourceClass": "AJAX",
          "resourceIcon32": null,
          "resourceIcon24": null,
          "resourceIcon16": null,
          "pageEnterName": null,
          "pageParam1": null,
          "pageParam2": null,
          "pageParam3": null,
          "pagePlugCode": null,
          "isOfContext": null,
          "isDerive": null,
          "parentFunctionCode": null,
          "children": [],
          "items": [],
          "funcSubPages": null,
          "bcsCtlRightsDTOS": null,
          "whiteIp": null
        },
        {
          "systemFunctionId": 10579,
          "parentId": 809,
          "systemId": 708,
          "systemUri": null,
          "functionType": "M",
          "functionTypeCh": "有值域型",
          "functionCode": "tpsc",
          "functionName": "图片上传",
          "functionContentClass": "2",
          "functionContentClassCh": "菜单功能",
          "isGrantMust": "1",
          "isValueSingle": null,
          "regTime": "2022-07-14 22:49:10",
          "modifyTime": null,
          "isEnable": "1",
          "descn": "1111",
          "isReportMenu": "0",
          "sortNo": null,
          "resourceUrl": "/bup-ui/sysParamConfig",
          "resourceClass": null,
          "resourceIcon32": null,
          "resourceIcon24": null,
          "resourceIcon16": null,
          "pageEnterName": null,
          "pageParam1": null,
          "pageParam2": null,
          "pageParam3": null,
          "pagePlugCode": null,
          "isOfContext": null,
          "isDerive": null,
          "parentFunctionCode": null,
          "children": [],
          "items": [],
          "funcSubPages": null,
          "bcsCtlRightsDTOS": null,
          "whiteIp": null
        },
        {
          "systemFunctionId": 187578,
          "parentId": 809,
          "systemId": 708,
          "systemUri": null,
          "functionType": "M",
          "functionTypeCh": "有值域型",
          "functionCode": "BBGL",
          "functionName": "报表管理",
          "functionContentClass": "2",
          "functionContentClassCh": "菜单功能",
          "isGrantMust": "1",
          "isValueSingle": null,
          "regTime": "2023-10-27 15:35:36",
          "modifyTime": "2023-10-27 15:35:36",
          "isEnable": "1",
          "descn": null,
          "isReportMenu": "0",
          "sortNo": null,
          "resourceUrl": "/bup-ui/systemReportConfig",
          "resourceClass": "IFRAME",
          "resourceIcon32": null,
          "resourceIcon24": null,
          "resourceIcon16": null,
          "pageEnterName": null,
          "pageParam1": null,
          "pageParam2": null,
          "pageParam3": null,
          "pagePlugCode": null,
          "isOfContext": null,
          "isDerive": null,
          "parentFunctionCode": null,
          "children": [],
          "items": [],
          "funcSubPages": null,
          "bcsCtlRightsDTOS": null,
          "whiteIp": null
        },
        {
          "systemFunctionId": 812,
          "parentId": 809,
          "systemId": 708,
          "systemUri": null,
          "functionType": "M",
          "functionTypeCh": "有值域型",
          "functionCode": "1004",
          "functionName": "角色配置",
          "functionContentClass": "2",
          "functionContentClassCh": "菜单功能",
          "isGrantMust": "1",
          "isValueSingle": "1",
          "regTime": "2021-11-24 00:48:00",
          "modifyTime": "2022-02-09 14:26:15",
          "isEnable": "1",
          "descn": "角色配置",
          "isReportMenu": "1",
          "sortNo": null,
          "resourceUrl": "/bup-ui/roleConfig",
          "resourceClass": "AJAX",
          "resourceIcon32": null,
          "resourceIcon24": null,
          "resourceIcon16": null,
          "pageEnterName": null,
          "pageParam1": null,
          "pageParam2": null,
          "pageParam3": null,
          "pagePlugCode": null,
          "isOfContext": null,
          "isDerive": null,
          "parentFunctionCode": null,
          "children": [],
          "items": [],
          "funcSubPages": null,
          "bcsCtlRightsDTOS": null,
          "whiteIp": null
        }
      ],
      "items": [],
      "funcSubPages": null,
      "bcsCtlRightsDTOS": null,
      "whiteIp": null
    },
    {
      "systemFunctionId": 816,
      "parentId": 0,
      "systemId": 708,
      "systemUri": null,
      "functionType": "M",
      "functionTypeCh": "有值域型",
      "functionCode": "3001",
      "functionName": "分级授权",
      "functionContentClass": "1",
      "functionContentClassCh": "菜单目录",
      "isGrantMust": "1",
      "isValueSingle": "1",
      "regTime": "2021-11-24 00:56:29",
      "modifyTime": "2021-12-30 11:50:11",
      "isEnable": "1",
      "descn": "分级授权",
      "isReportMenu": "1",
      "sortNo": 333,
      "resourceUrl": "/authorization",
      "resourceClass": "AJAX",
      "resourceIcon32": null,
      "resourceIcon24": null,
      "resourceIcon16": null,
      "pageEnterName": null,
      "pageParam1": null,
      "pageParam2": null,
      "pageParam3": null,
      "pagePlugCode": null,
      "isOfContext": null,
      "isDerive": null,
      "parentFunctionCode": null,
      "children": [
        {
          "systemFunctionId": 817,
          "parentId": 816,
          "systemId": 708,
          "systemUri": null,
          "functionType": "M",
          "functionTypeCh": "有值域型",
          "functionCode": "3002",
          "functionName": "管理员授权",
          "functionContentClass": "2",
          "functionContentClassCh": "菜单功能",
          "isGrantMust": "1",
          "isValueSingle": "1",
          "regTime": "2021-11-24 00:57:13",
          "modifyTime": "2022-04-27 11:25:15",
          "isEnable": "1",
          "descn": "管理员授权",
          "isReportMenu": "0",
          "sortNo": null,
          "resourceUrl": "/bup-ui/adminAuth",
          "resourceClass": "IFRAME",
          "resourceIcon32": null,
          "resourceIcon24": null,
          "resourceIcon16": null,
          "pageEnterName": null,
          "pageParam1": null,
          "pageParam2": null,
          "pageParam3": null,
          "pagePlugCode": null,
          "isOfContext": null,
          "isDerive": null,
          "parentFunctionCode": null,
          "children": [],
          "items": [],
          "funcSubPages": null,
          "bcsCtlRightsDTOS": null,
          "whiteIp": null
        },
        {
          "systemFunctionId": 818,
          "parentId": 816,
          "systemId": 708,
          "systemUri": null,
          "functionType": "M",
          "functionTypeCh": "有值域型",
          "functionCode": "3003",
          "functionName": "用户授权",
          "functionContentClass": "2",
          "functionContentClassCh": "菜单功能",
          "isGrantMust": "1",
          "isValueSingle": "1",
          "regTime": "2021-11-24 00:58:02",
          "modifyTime": "2022-02-09 14:26:41",
          "isEnable": "1",
          "descn": "用户授权",
          "isReportMenu": "1",
          "sortNo": null,
          "resourceUrl": "/bup-ui/userAuth",
          "resourceClass": "AJAX",
          "resourceIcon32": null,
          "resourceIcon24": null,
          "resourceIcon16": null,
          "pageEnterName": null,
          "pageParam1": null,
          "pageParam2": null,
          "pageParam3": null,
          "pagePlugCode": null,
          "isOfContext": null,
          "isDerive": null,
          "parentFunctionCode": null,
          "children": [],
          "items": [],
          "funcSubPages": null,
          "bcsCtlRightsDTOS": null,
          "whiteIp": null
        }
      ],
      "items": [],
      "funcSubPages": null,
      "bcsCtlRightsDTOS": null,
      "whiteIp": null
    },
    {
      "systemFunctionId": 187872,
      "parentId": 0,
      "systemId": 708,
      "systemUri": null,
      "functionType": "M",
      "functionTypeCh": "有值域型",
      "functionCode": "YLXWSQ",
      "functionName": "医疗行为授权",
      "functionContentClass": "1",
      "functionContentClassCh": "菜单目录",
      "isGrantMust": "1",
      "isValueSingle": null,
      "regTime": "2023-11-16 15:23:27",
      "modifyTime": "2023-11-16 15:23:27",
      "isEnable": "1",
      "descn": null,
      "isReportMenu": "0",
      "sortNo": null,
      "resourceUrl": null,
      "resourceClass": null,
      "resourceIcon32": null,
      "resourceIcon24": null,
      "resourceIcon16": null,
      "pageEnterName": null,
      "pageParam1": null,
      "pageParam2": null,
      "pageParam3": null,
      "pagePlugCode": null,
      "isOfContext": null,
      "isDerive": null,
      "parentFunctionCode": null,
      "children": [
        {
          "systemFunctionId": 187873,
          "parentId": 187872,
          "systemId": 708,
          "systemUri": null,
          "functionType": "M",
          "functionTypeCh": "有值域型",
          "functionCode": "SSSQ",
          "functionName": "手术授权",
          "functionContentClass": "2",
          "functionContentClassCh": "菜单功能",
          "isGrantMust": "1",
          "isValueSingle": null,
          "regTime": "2023-11-16 15:24:39",
          "modifyTime": "2023-11-16 15:24:39",
          "isEnable": "1",
          "descn": null,
          "isReportMenu": "0",
          "sortNo": null,
          "resourceUrl": "/bup-ui/operationAuth",
          "resourceClass": "IFRAME",
          "resourceIcon32": null,
          "resourceIcon24": null,
          "resourceIcon16": null,
          "pageEnterName": null,
          "pageParam1": null,
          "pageParam2": null,
          "pageParam3": null,
          "pagePlugCode": null,
          "isOfContext": null,
          "isDerive": null,
          "parentFunctionCode": null,
          "children": [],
          "items": [],
          "funcSubPages": null,
          "bcsCtlRightsDTOS": null,
          "whiteIp": null
        }
      ],
      "items": [],
      "funcSubPages": null,
      "bcsCtlRightsDTOS": null,
      "whiteIp": null
    },
    {
      "systemFunctionId": 7992,
      "parentId": 0,
      "systemId": 708,
      "systemUri": null,
      "functionType": "M",
      "functionTypeCh": "有值域型",
      "functionCode": "medicalBehaviorAuth1",
      "functionName": " 行为授权",
      "functionContentClass": "2",
      "functionContentClassCh": "菜单功能",
      "isGrantMust": "1",
      "isValueSingle": null,
      "regTime": "2022-04-19 08:55:22",
      "modifyTime": "2022-06-28 17:28:03",
      "isEnable": "1",
      "descn": null,
      "isReportMenu": "1",
      "sortNo": null,
      "resourceUrl": "/bup-ui/medicalBehaviorAuth",
      "resourceClass": "IFRAME",
      "resourceIcon32": null,
      "resourceIcon24": null,
      "resourceIcon16": null,
      "pageEnterName": null,
      "pageParam1": null,
      "pageParam2": null,
      "pageParam3": null,
      "pagePlugCode": null,
      "isOfContext": null,
      "isDerive": null,
      "parentFunctionCode": null,
      "children": [],
      "items": [],
      "funcSubPages": null,
      "bcsCtlRightsDTOS": null,
      "whiteIp": null
    }
  ]