{
  "type": "page",
  "title": "环境管理",
  "cssVars": {
    "--TableCell-height": "1.4rem"
  },
  "toolbar": [
    {
      "type": "button",
      "actionType": "dialog",
      "label": "新增",
      "icon": "fa fa-plus pull-left",
      "primary": true,
      "dialog": {
        "title": "新增",
        "size": "lg",
        "body": {
          "type": "form",
          "name": "sample-add-form",
          "api": {
            "method": "post",
            "url": "/template_data/data",
            "data": {
              "service": "project.server_env_save",
              "sys_project_id": "${sys_project_id}",
              "parent_id": "${parent_id}",
              "server_env_code": "${server_env_code}",
              "server_env_name": "${server_env_name}",
              "env_code": "${env_code}",
              "leader": "${leader}",
              "comments": "${comments}",
              "order_id": "${order_id}"
            },
            "adaptor": "return {\n    ...payload,\n    status: payload.code === '0'? 0 : 1\n}"
          },
          "collapsable": true,
          "body": [
            {
              "type": "fieldSet",
              "title": "项目节点",
              "collapsable": true,
              "body": [
                {
                  "type": "group",
                  "body": [
                    {
                      "type": "select",
                      "name": "sys_project_id",
                      "label": "项目",
                      "required": true,
                      "valueField": "sys_project_id",
                      "labelField": "project_name",
                      "source": {
                        "method": "post",
                        "url": "/template_data/data",
                        "data": {
                          "service": "project.project_list"
                        },
                        "adaptor": "return {\n    ...payload,\n    status: payload.code === '0'? 0 : 1\n}"
                      }
                    },
                    {
                      "type": "tree-select",
                      "name": "parent_id",
                      "label": "上级节点",
                      "clearable": true,
                      "valueField": "server_env_id",
                      "labelField": "server_env_name",
                      "selectMode": "true",
                      "initFetchOn": "data.sys_project_id",
                      "menuTpl": "${server_env_name}(${server_env_code})",
                      "source": {
                        "method": "post",
                        "url": "/template_data/data?sys_project_id=${sys_project_id}",
                        "data": {
                          "service": "project.env_tree",
                          "sys_project_id": "${sys_project_id}"
                        },
                        "adaptor": "return {\n    ...payload,\n    status: payload.code === '0'? 0 : 1\n}"
                      }
                    }
                  ]
                },
                {
                  "type": "divider"
                }
              ]
            },
            {
              "type": "fieldSet",
              "title": "基本信息",
              "collapsable": true,
              "body": [
                {
                  "type": "group",
                  "body": [
                    {
                      "type": "input-text",
                      "name": "server_env_code",
                      "label": "环境编码",
                      "required": true
                    },
                    {
                      "type": "input-text",
                      "name": "server_env_name",
                      "label": "环境名称",
                      "required": true
                    }
                  ]
                },
                {
                  "type": "group",
                  "body": [
                    {
                      "type": "select",
                      "name": "env_code",
                      "label": "类型",
                      "value": "4",
                      "required": true,
                      "valueField": "env_code",
                      "labelField": "env_name",
                      "source": {
                        "method": "post",
                        "url": "/template_data/data",
                        "data": {
                          "service": "project.sys_env_query"
                        },
                        "adaptor": "return {\n    ...payload,\n    status: payload.code === '0'? 0 : 1\n}"
                      }
                    },
                    {
                      "type": "input-number",
                      "name": "order_id",
                      "label": "排序号",
                      "remark": "越小越靠前",
                      "required": true
                    }
                  ]
                },
                {
                  "type": "group",
                  "body": [
                    {
                      "type": "input-text",
                      "name": "leader",
                      "label": "负责人"
                    },
                    {
                      "type": "textarea",
                      "name": "comments",
                      "label": "备注"
                    }
                  ]
                }
              ]
            }
          ]
        }
      }
    }
  ],
  "body": {
    "type": "grid",
    "columns": [
      {
        "md": 3,
        "body": [
          {
            "type": "crud",
            "api": {
              "method": "post",
              "url": "/template_data/data",
              "data": {
                "service": "project.project_list",
                "search": "${search}",
                "page": "${page}",
                "size": "${perPage}"
              },
              "adaptor": "return {\n ...payload,\n data:{\nrows:payload.data,\ntotal: payload.count\n } ,\n    status: payload.code === '0'? 0 : 1\n}"
            },
            "filter": {
              "title": "",
              "submitText": "",
              "body": [
                {
                  "type": "input-text",
                  "name": "search",
                  "placeholder": "通过关键字搜索",
                  "addOn": {
                    "label": "搜索",
                    "type": "submit"
                  }
                }
              ]
            },
            "syncLocation": false,
            "itemAction": {
              "actionType": "reload",
              "target": "detailCRUD?sys_project_id=${sys_project_id}"
            },
            "columns": [
              {
                "label": "项目名",
                "name": "project_name"
              },
              {
                "label": "项目编码",
                "name": "project_code"
              }
            ]
          }
        ]
      },
      {
        "md": 9,
        "body": [
          {
            "type": "crud",
            "name": "detailCRUD",
            "primaryField": "server_env_id",
            "api": {
              "sendOn": "${sys_project_id}",
              "method": "post",
              "url": "/template_data/data",
              "data": {
                "service": "project.env_tree",
                "search": "${search}",
                "sys_project_id": "${sys_project_id}"
              }
            },
            "saveOrderApi":{
              "method": "post",
              "url": "/template_data/data",
              "data": {
                "service": "project.update_env_order",
                "dataList": "${rows}",
                "idMap": "${idMap}",
                "insertAfter": "${insertAfter}"
              }
            },
            "filter": {
              "title": "",
              "submitText": "",
              "body": [
                {
                  "type": "input-text",
                  "name": "search",
                  "placeholder": "通过关键字搜索",
                  "addOn": {
                    "label": "搜索",
                    "type": "submit"
                  }
                }
              ]
            },
            "syncLocation": false,
            "draggable": true,
            "columns": [
              {
                "label": "环境名称",
                "name": "server_env_name"
              },
              {
                "label": "环境编码",
                "name": "server_env_code"
              },
              {
                "label": "环境类型",
                "name": "env_type_name"
              },
              {
                "label": "排序号",
                "name": "order_id"
              },
              {
                "type": "operation",
                "fixed": "right",
                "width": 100,
                "label": "操作",
                "buttons": [
                  {
                    "label": "详情",
                    "type": "button",
                    "level": "link",
                    "actionType": "dialog",
                    "dialog": {
                      "title": "查看详情",
                      "size": "lg",
                      "body": {
                        "type": "form",
                        "name": "sample-edit-form",
                        "api": {
                          "method": "post",
                          "url": "/template_data/data",
                          "data": {
                            "service": "project.server_env_update",
                            "server_env_id": "${server_env_id}",
                            "sys_project_id": "${sys_project_id}",
                            "parent_id": "${parent_id}",
                            "server_env_code": "${server_env_code}",
                            "server_env_name": "${server_env_name}",
                            "env_code": "${env_code}",
                            "leader": "${leader}",
                            "comments": "${comments}",
                            "order_id": "${order_id}"
                          },
                          "adaptor": "return {\n    ...payload,\n    status: payload.code === '0'? 0 : 1\n}"
                        },
                        "collapsable": true,
                        "body": [
                          {
                            "type": "fieldSet",
                            "title": "项目节点",
                            "collapsable": true,
                            "body": [
                              {
                                "type": "group",
                                "body": [
                                  {
                                    "type": "select",
                                    "name": "sys_project_id",
                                    "label": "项目",
                                    "required": true,
                                    "valueField": "sys_project_id",
                                    "labelField": "project_name",
                                    "source": {
                                      "method": "post",
                                      "url": "/template_data/data",
                                      "data": {
                                        "service": "project.project_list"
                                      },
                                      "adaptor": "return {\n    ...payload,\n    status: payload.code === '0'? 0 : 1\n}"
                                    }
                                  },
                                  {
                                    "type": "tree-select",
                                    "name": "parent_id",
                                    "label": "上级节点",
                                    "clearable": true,
                                    "valueField": "server_env_id",
                                    "labelField": "server_env_name",
                                    "selectMode": "true",
                                    "initFetchOn": "data.sys_project_id",
                                    "menuTpl": "${server_env_name}(${server_env_code})",
                                    "source": {
                                      "method": "post",
                                      "url": "/template_data/data?sys_project_id=${sys_project_id}",
                                      "data": {
                                        "service": "project.env_tree",
                                        "sys_project_id": "${sys_project_id}"
                                      },
                                      "adaptor": "return {\n    ...payload,\n    status: payload.code === '0'? 0 : 1\n}"
                                    }
                                  }
                                ]
                              },
                              {
                                "type": "divider"
                              }
                            ]
                          },
                          {
                            "type": "fieldSet",
                            "title": "基本信息",
                            "collapsable": true,
                            "body": [
                              {
                                "type": "group",
                                "body": [
                                  {
                                    "type": "input-text",
                                    "name": "server_env_code",
                                    "label": "环境编码",
                                    "required": true
                                  },
                                  {
                                    "type": "input-text",
                                    "name": "server_env_name",
                                    "label": "环境名称",
                                    "required": true
                                  }
                                ]
                              },
                              {
                                "type": "group",
                                "body": [
                                  {
                                    "type": "select",
                                    "name": "env_code",
                                    "label": "类型",
                                    "value": "4",
                                    "required": true,
                                    "valueField": "env_code",
                                    "labelField": "env_name",
                                    "source": {
                                      "method": "post",
                                      "url": "/template_data/data",
                                      "data": {
                                        "service": "project.sys_env_query"
                                      },
                                      "adaptor": "return {\n    ...payload,\n    status: payload.code === '0'? 0 : 1\n}"
                                    }
                                  },
                                  {
                                    "type": "input-number",
                                    "name": "order_id",
                                    "label": "排序号",
                                    "remark": "越小越靠前",
                                    "required": true
                                  }
                                ]
                              },
                              {
                                "type": "group",
                                "body": [
                                  {
                                    "type": "input-text",
                                    "name": "leader",
                                    "label": "负责人"
                                  },
                                  {
                                    "type": "textarea",
                                    "name": "comments",
                                    "label": "备注"
                                  }
                                ]
                              }
                            ]
                          }
                        ]
                      }
                    }
                  },
                  {
                    "label": "删除",
                    "type": "button",
                    "level": "link",
                    "className": "text-danger",
                    "actionType": "ajax",
                    "confirmText": "确定要删除【${server_env_name}(${server_env_code})】?",
                    "api": {
                      "method": "post",
                      "url": "/template_data/data",
                      "data": {
                        "service": "project.server_env_delete",
                        "server_env_id_list": [
                          "${server_env_id}"
                        ]
                      },
                      "adaptor": "return {\n    ...payload,\n    status: payload.code === '0'? 0 : 1\n}"
                    }
                  }
                ]
              }
            ]
          }
        ]
      }
    ]
  }
}